{
    "frames": [
        {
            "filename": "fire-1",
            "frame": {
                "w": 50,
                "h": 19,
                "x": 0,
                "y": 0
            },
            "anchor": {
                "x": 0.5,
                "y": 0.5
            }
        },
        {
            "filename": "fire-2",
            "frame": {
                "w": 50,
                "h": 19,
                "x": 0,
                "y": 19
            },
            "anchor": {
                "x": 0.5,
                "y": 0.5
            }
        },
        {
            "filename": "fire-3",
            "frame": {
                "w": 50,
                "h": 19,
                "x": 0,
                "y": 38
            },
            "anchor": {
                "x": 0.5,
                "y": 0.5
            }
        },
        {
            "filename": "fire-4",
            "frame": {
                "w": 50,
                "h": 19,
                "x": 50,
                "y": 0
            },
            "anchor": {
                "x": 0.5,
                "y": 0.5
            }
        },
        {
            "filename": "fire-5",
            "frame": {
                "w": 50,
                "h": 19,
                "x": 50,
                "y": 19
            },
            "anchor": {
                "x": 0.5,
                "y": 0.5
            }
        },
        {
            "filename": "fire-6",
            "frame": {
                "w": 50,
                "h": 19,
                "x": 50,
                "y": 38
            },
            "anchor": {
                "x": 0.5,
                "y": 0.5
            }
        }
    ],
    "meta": {
        "description": "Atlas generado con Atlas Packer Gamma V2",
        "web": "https://gammafp.github.io/atlas-packer-phaser/"
    }
}